﻿Series Name,"Series Code","Country Name","Country Code","1990 [YR1990]","2000 [YR2000]","2009 [YR2009]","2010 [YR2010]","2011 [YR2011]","2012 [YR2012]","2013 [YR2013]","2014 [YR2014]","2015 [YR2015]","2016 [YR2016]","2017 [YR2017]","2018 [YR2018]"
"Incidence of tuberculosis (per 100,000 people)","SH.TBS.INCD","Afghanistan","AFG","..","190","189","189","189","189","189","189","189","189","189",".."
"Incidence of tuberculosis (per 100,000 people)","SH.TBS.INCD","Albania","ALB","..","22","17","17","17","16","19","16","16","16","20",".."
"Incidence of tuberculosis (per 100,000 people)","SH.TBS.INCD","Algeria","DZA","..","74","76","77","73","73","67","72","74","70","70",".."
"Incidence of tuberculosis (per 100,000 people)","SH.TBS.INCD","American Samoa","ASM","..","6","8.2","8.3","6.2","6.7","7.3","7.8","8.3","9.3","10",".."
"Incidence of tuberculosis (per 100,000 people)","SH.TBS.INCD","Andorra","AND","..","21","11","9.5","4.1","13","7.1","8.7","5.9","6","1.5",".."
"Incidence of tuberculosis (per 100,000 people)","SH.TBS.INCD","Angola","AGO","..","297","385","384","383","380","376","370","366","362","359",".."
"Incidence of tuberculosis (per 100,000 people)","SH.TBS.INCD","Antigua and Barbuda","ATG","..","5.5","3.7","8.5","7.2","3.6","12","3.5","4.4","3.4","1.1",".."
"Incidence of tuberculosis (per 100,000 people)","SH.TBS.INCD","Argentina","ARG","..","37","22","20","27","24","24","25","25","27","26",".."
"Incidence of tuberculosis (per 100,000 people)","SH.TBS.INCD","Armenia","ARM","..","54","68","61","55","53","60","57","50","44","36",".."
"Incidence of tuberculosis (per 100,000 people)","SH.TBS.INCD","Aruba","ABW","..","7.5","11","6.8","9","31","12","2.2","13","15","8.7",".."
"Incidence of tuberculosis (per 100,000 people)","SH.TBS.INCD","Australia","AUS","..","6.3","6.8","6.5","6.3","6.6","6.2","6.5","6.1","6.6","6.8",".."
"Incidence of tuberculosis (per 100,000 people)","SH.TBS.INCD","Austria","AUT","..","17","9.1","9.1","9.1","8.4","8.4","7.5","7.5","8.2","7.4",".."
"Incidence of tuberculosis (per 100,000 people)","SH.TBS.INCD","Azerbaijan","AZE","..","80","133","104","125","86","78","76","71","66","67",".."
"Incidence of tuberculosis (per 100,000 people)","SH.TBS.INCD","Bahamas, The","BHS","..","32","15","9.9","13","9.9","10","15","18","26","15",".."
"Incidence of tuberculosis (per 100,000 people)","SH.TBS.INCD","Bahrain","BHR","..","36","32","23","20","20","18","16","15","12","12",".."
"Incidence of tuberculosis (per 100,000 people)","SH.TBS.INCD","Bangladesh","BGD","..","221","221","221","221","221","221","221","221","221","221",".."
"Incidence of tuberculosis (per 100,000 people)","SH.TBS.INCD","Barbados","BRB","..","1.3","0.83","2.5","0","1.6","1.6","2","0","1.2","0",".."
"Incidence of tuberculosis (per 100,000 people)","SH.TBS.INCD","Belarus","BLR","..","86","69","67","62","63","59","51","50","42","37",".."
"Incidence of tuberculosis (per 100,000 people)","SH.TBS.INCD","Belgium","BEL","..","14","9.7","11","10","9.4","9.3","9.1","9.5","10","9.2",".."
"Incidence of tuberculosis (per 100,000 people)","SH.TBS.INCD","Belize","BLZ","..","49","32","52","26","29","40","24","25","38","36",".."
"Incidence of tuberculosis (per 100,000 people)","SH.TBS.INCD","Benin","BEN","..","86","69","68","67","66","64","61","60","59","58",".."
"Incidence of tuberculosis (per 100,000 people)","SH.TBS.INCD","Bermuda","BMU","..","0","2.9","1.8","1.8","5.5","0","0","0","3.7","3.7",".."
"Incidence of tuberculosis (per 100,000 people)","SH.TBS.INCD","Bhutan","BTN","..","249","197","225","208","188","176","172","153","178","134",".."
"Incidence of tuberculosis (per 100,000 people)","SH.TBS.INCD","Bolivia","BOL","..","184","139","135","131","127","123","120","117","114","111",".."
"Incidence of tuberculosis (per 100,000 people)","SH.TBS.INCD","Bosnia and Herzegovina","BIH","..","82","58","44","46","48","44","42","39","32","27",".."
"Incidence of tuberculosis (per 100,000 people)","SH.TBS.INCD","Botswana","BWA","..","914","557","518","480","445","414","385","356","326","300",".."
"Incidence of tuberculosis (per 100,000 people)","SH.TBS.INCD","Brazil","BRA","..","51","45","44","44","44","44","43","42","42","44",".."
"Incidence of tuberculosis (per 100,000 people)","SH.TBS.INCD","British Virgin Islands","VGB","..","5.6","2.8","4.2","0","0","4","0","0","0","0",".."
"Incidence of tuberculosis (per 100,000 people)","SH.TBS.INCD","Brunei Darussalam","BRN","..","106","64","70","67","70","60","55","58","66","64",".."
"Incidence of tuberculosis (per 100,000 people)","SH.TBS.INCD","Bulgaria","BGR","..","52","45","41","37","36","33","32","28","27","25",".."
"Incidence of tuberculosis (per 100,000 people)","SH.TBS.INCD","Burkina Faso","BFA","..","70","60","58","57","55","54","54","52","51","49",".."
"Incidence of tuberculosis (per 100,000 people)","SH.TBS.INCD","Burundi","BDI","..","290","152","144","138","133","128","126","122","118","114",".."
"Incidence of tuberculosis (per 100,000 people)","SH.TBS.INCD","Cabo Verde","CPV","..","160","148","147","145","144","143","138","139","137","134",".."
"Incidence of tuberculosis (per 100,000 people)","SH.TBS.INCD","Cambodia","KHM","..","575","450","436","423","411","400","390","368","345","326",".."
"Incidence of tuberculosis (per 100,000 people)","SH.TBS.INCD","Cameroon","CMR","..","309","271","260","251","242","235","220","212","203","194",".."
"Incidence of tuberculosis (per 100,000 people)","SH.TBS.INCD","Canada","CAN","..","6.4","5.3","4.6","4.8","5.4","5.3","5.1","5.2","5.5","5.5",".."
"Incidence of tuberculosis (per 100,000 people)","SH.TBS.INCD","Cayman Islands","CYM","..","14","4.2","8.3","4.1","12","9.9","0","13","5.7","7.5",".."
"Incidence of tuberculosis (per 100,000 people)","SH.TBS.INCD","Central African Republic","CAF","..","1070","467","431","402","378","359","375","391","407","423",".."
"Incidence of tuberculosis (per 100,000 people)","SH.TBS.INCD","Chad","TCD","..","151","151","151","151","151","151","159","152","153","154",".."
"Incidence of tuberculosis (per 100,000 people)","SH.TBS.INCD","Channel Islands","CHI","..","..","..","..","..","..","..","..","..","..","..",".."
"Incidence of tuberculosis (per 100,000 people)","SH.TBS.INCD","Chile","CHL","..","23","16","16","16","16","16","16","17","16","17",".."
"Incidence of tuberculosis (per 100,000 people)","SH.TBS.INCD","China","CHN","..","109","82","77","76","74","70","68","66","64","63",".."
"Incidence of tuberculosis (per 100,000 people)","SH.TBS.INCD","Colombia","COL","..","36","31","31","32","32","31","30","31","32","33",".."
"Incidence of tuberculosis (per 100,000 people)","SH.TBS.INCD","Comoros","COM","..","39","33","33","34","34","34","35","35","35","35",".."
"Incidence of tuberculosis (per 100,000 people)","SH.TBS.INCD","Congo, Dem. Rep.","COD","..","327","327","327","327","327","326","325","324","323","322",".."
"Incidence of tuberculosis (per 100,000 people)","SH.TBS.INCD","Congo, Rep.","COG","..","356","393","386","383","382","382","381","379","378","376",".."
"Incidence of tuberculosis (per 100,000 people)","SH.TBS.INCD","Costa Rica","CRI","..","19","12","14","14","13","11","12","11","9.5","9.7",".."
"Incidence of tuberculosis (per 100,000 people)","SH.TBS.INCD","Cote d'Ivoire","CIV","..","367","207","196","186","178","170","165","159","153","148",".."
"Incidence of tuberculosis (per 100,000 people)","SH.TBS.INCD","Croatia","HRV","..","42","22","18","17","14","14","13","13","12","10",".."
"Incidence of tuberculosis (per 100,000 people)","SH.TBS.INCD","Cuba","CUB","..","12","7.2","8.4","8.2","7.4","7.6","7.3","7","6.8","7.1",".."
"Incidence of tuberculosis (per 100,000 people)","SH.TBS.INCD","Curacao","CUW","..","..","..","3.9","0.76","0.75","1.5","3.7","5.8","2.9","6.4",".."
"Incidence of tuberculosis (per 100,000 people)","SH.TBS.INCD","Cyprus","CYP","..","4","5.3","6.3","5.2","6.4","4.1","3.9","6.2","5.6","5.1",".."
"Incidence of tuberculosis (per 100,000 people)","SH.TBS.INCD","Czech Republic","CZE","..","16","6.9","6.8","6.2","6.1","5.1","5.1","5.5","5.5","5.4",".."
"Incidence of tuberculosis (per 100,000 people)","SH.TBS.INCD","Denmark","DNK","..","13","6.1","6.9","7.4","7","6.7","5.9","6.5","5.9","5.1",".."
"Incidence of tuberculosis (per 100,000 people)","SH.TBS.INCD","Djibouti","DJI","..","692","565","613","532","493","441","304","362","335","269",".."
"Incidence of tuberculosis (per 100,000 people)","SH.TBS.INCD","Dominica","DMA","..","6","6.5","13","3.2","11","4.8","1.6","11","7.8","1.6",".."
"Incidence of tuberculosis (per 100,000 people)","SH.TBS.INCD","Dominican Republic","DOM","..","77","54","50","54","52","54","53","53","50","45",".."
"Incidence of tuberculosis (per 100,000 people)","SH.TBS.INCD","Ecuador","ECU","..","68","40","40","42","44","42","41","39","40","43",".."
"Incidence of tuberculosis (per 100,000 people)","SH.TBS.INCD","Egypt, Arab Rep.","EGY","..","26","19","18","17","17","16","15","15","14","13",".."
"Incidence of tuberculosis (per 100,000 people)","SH.TBS.INCD","El Salvador","SLV","..","32","34","34","38","41","44","44","49","60","72",".."
"Incidence of tuberculosis (per 100,000 people)","SH.TBS.INCD","Equatorial Guinea","GNQ","..","96","123","129","136","144","153","162","172","181","191",".."
"Incidence of tuberculosis (per 100,000 people)","SH.TBS.INCD","Eritrea","ERI","..","177","111","108","112","114","101","83","70","74","67",".."
"Incidence of tuberculosis (per 100,000 people)","SH.TBS.INCD","Estonia","EST","..","65","31","25","25","22","23","21","18","16","15",".."
"Incidence of tuberculosis (per 100,000 people)","SH.TBS.INCD","Eswatini","SWZ","..","692","1060","1050","851","718","653","539","404","332","308",".."
"Incidence of tuberculosis (per 100,000 people)","SH.TBS.INCD","Ethiopia","ETH","..","421","282","268","253","239","224","207","192","177","164",".."
"Incidence of tuberculosis (per 100,000 people)","SH.TBS.INCD","Faroe Islands","FRO","..","..","..","..","..","..","..","..","..","..","..",".."
"Incidence of tuberculosis (per 100,000 people)","SH.TBS.INCD","Fiji","FJI","..","22","21","27","31","30","36","53","51","43","49",".."
"Incidence of tuberculosis (per 100,000 people)","SH.TBS.INCD","Finland","FIN","..","12","8.7","6.6","6.7","5.5","5.6","5.3","5.6","4.7","4.9",".."
"Incidence of tuberculosis (per 100,000 people)","SH.TBS.INCD","France","FRA","..","12","9.5","9.2","9","8.9","8.9","8.5","8.4","8.7","9",".."
"Incidence of tuberculosis (per 100,000 people)","SH.TBS.INCD","French Polynesia","PYF","..","30","23","18","27","21","22","23","19","23","21",".."
"Incidence of tuberculosis (per 100,000 people)","SH.TBS.INCD","Gabon","GAB","..","515","563","559","554","550","546","541","537","533","529",".."
"Incidence of tuberculosis (per 100,000 people)","SH.TBS.INCD","Gambia, The","GMB","..","185","180","178","176","175","173","174","174","174","174",".."
"Incidence of tuberculosis (per 100,000 people)","SH.TBS.INCD","Georgia","GEO","..","254","133","127","122","119","116","106","99","92","86",".."
"Incidence of tuberculosis (per 100,000 people)","SH.TBS.INCD","Germany","DEU","..","13","5.9","5.8","5.8","5.7","5.9","6.1","8","8.1","7.5",".."
"Incidence of tuberculosis (per 100,000 people)","SH.TBS.INCD","Ghana","GHA","..","216","187","183","178","173","168","165","160","156","152",".."
"Incidence of tuberculosis (per 100,000 people)","SH.TBS.INCD","Gibraltar","GIB","..","..","..","..","..","..","..","..","..","..","..",".."
"Incidence of tuberculosis (per 100,000 people)","SH.TBS.INCD","Greece","GRC","..","7.3","5.4","4.5","4.6","5.2","5","4.9","4.5","4.2","4.5",".."
"Incidence of tuberculosis (per 100,000 people)","SH.TBS.INCD","Greenland","GRL","..","129","128","231","234","171","196","177","165","118","116",".."
"Incidence of tuberculosis (per 100,000 people)","SH.TBS.INCD","Grenada","GRD","..","0","5.5","4.4","2.2","1.1","0.55","0","5.4","6.4","3.2",".."
"Incidence of tuberculosis (per 100,000 people)","SH.TBS.INCD","Guam","GUM","..","40","74","73","59","49","34","40","54","53","60",".."
"Incidence of tuberculosis (per 100,000 people)","SH.TBS.INCD","Guatemala","GTM","..","31","25","28","25","28","27","25","26","24","25",".."
"Incidence of tuberculosis (per 100,000 people)","SH.TBS.INCD","Guinea","GIN","..","228","190","186","183","180","177","177","177","176","176",".."
"Incidence of tuberculosis (per 100,000 people)","SH.TBS.INCD","Guinea-Bissau","GNB","..","305","369","372","376","382","387","369","373","374","374",".."
"Incidence of tuberculosis (per 100,000 people)","SH.TBS.INCD","Guyana","GUY","..","70","128","119","118","124","112","89","93","93","86",".."
"Incidence of tuberculosis (per 100,000 people)","SH.TBS.INCD","Haiti","HTI","..","270","238","229","220","213","206","200","194","188","181",".."
"Incidence of tuberculosis (per 100,000 people)","SH.TBS.INCD","Honduras","HND","..","123","45","44","48","44","43","40","41","40","38",".."
"Incidence of tuberculosis (per 100,000 people)","SH.TBS.INCD","Hong Kong SAR, China","HKG","..","104","85","81","77","78","76","76","71","69","67",".."
"Incidence of tuberculosis (per 100,000 people)","SH.TBS.INCD","Hungary","HUN","..","35","15","18","15","14","12","9.4","10","8.7","7.7",".."
"Incidence of tuberculosis (per 100,000 people)","SH.TBS.INCD","Iceland","ISL","..","5.3","3.3","7.9","2.8","3.5","3.9","2.8","2.4","2.1","4.5",".."
"Incidence of tuberculosis (per 100,000 people)","SH.TBS.INCD","India","IND","..","289","254","247","241","234","228","223","217","211","204",".."
"Incidence of tuberculosis (per 100,000 people)","SH.TBS.INCD","Indonesia","IDN","..","370","345","342","338","335","332","329","325","322","319",".."
"Incidence of tuberculosis (per 100,000 people)","SH.TBS.INCD","Iran, Islamic Rep.","IRN","..","22","17","17","18","18","18","16","16","14","14",".."
"Incidence of tuberculosis (per 100,000 people)","SH.TBS.INCD","Iraq","IRQ","..","50","46","45","45","45","45","43","43","43","42",".."
"Incidence of tuberculosis (per 100,000 people)","SH.TBS.INCD","Ireland","IRL","..","12","11","9.6","9.6","8.4","8.7","7.3","7.2","7.1","7.3",".."
"Incidence of tuberculosis (per 100,000 people)","SH.TBS.INCD","Isle of Man","IMN","..","..","..","..","..","..","..","..","..","..","..",".."
"Incidence of tuberculosis (per 100,000 people)","SH.TBS.INCD","Israel","ISR","..","10","5.5","5.3","6.3","7.6","4.5","5.2","4","3.5","3.2",".."
"Incidence of tuberculosis (per 100,000 people)","SH.TBS.INCD","Italy","ITA","..","7","7.9","8.7","6.6","6","5.8","6.7","6.7","7.3","7.4",".."
"Incidence of tuberculosis (per 100,000 people)","SH.TBS.INCD","Jamaica","JAM","..","6","6.2","5.8","4.6","4","4.2","3.8","4.5","4.5","5.1",".."
"Incidence of tuberculosis (per 100,000 people)","SH.TBS.INCD","Japan","JPN","..","36","21","20","20","19","18","18","16","16","15",".."
"Incidence of tuberculosis (per 100,000 people)","SH.TBS.INCD","Jordan","JOR","..","7.5","6.8","5.9","5.4","5.2","5.2","5.5","5.8","5.5","6.8",".."
"Incidence of tuberculosis (per 100,000 people)","SH.TBS.INCD","Kazakhstan","KAZ","..","166","151","145","135","120","104","91","80","72","66",".."
"Incidence of tuberculosis (per 100,000 people)","SH.TBS.INCD","Kenya","KEN","..","451","566","531","506","471","443","423","380","348","319",".."
"Incidence of tuberculosis (per 100,000 people)","SH.TBS.INCD","Kiribati","KIR","..","373","346","348","410","406","469","469","552","566","413",".."
"Incidence of tuberculosis (per 100,000 people)","SH.TBS.INCD","Korea, Dem. People’s Rep.","PRK","..","513","513","513","513","513","513","513","513","513","513",".."
"Incidence of tuberculosis (per 100,000 people)","SH.TBS.INCD","Korea, Rep.","KOR","..","49","94","95","99","94","89","85","79","77","70",".."
"Incidence of tuberculosis (per 100,000 people)","SH.TBS.INCD","Kosovo","XKX","..","..","..","..","..","..","..","..","..","..","..",".."
"Incidence of tuberculosis (per 100,000 people)","SH.TBS.INCD","Kuwait","KWT","..","29","38","37","24","25","22","22","22","24","27",".."
"Incidence of tuberculosis (per 100,000 people)","SH.TBS.INCD","Kyrgyz Republic","KGZ","..","244","153","145","141","140","141","142","144","144","144",".."
"Incidence of tuberculosis (per 100,000 people)","SH.TBS.INCD","Lao PDR","LAO","..","330","230","221","213","204","197","189","182","175","168",".."
"Incidence of tuberculosis (per 100,000 people)","SH.TBS.INCD","Latvia","LVA","..","96","51","50","47","53","49","42","40","37","32",".."
"Incidence of tuberculosis (per 100,000 people)","SH.TBS.INCD","Lebanon","LBN","..","20","14","14","12","15","15","14","13","12","12",".."
"Incidence of tuberculosis (per 100,000 people)","SH.TBS.INCD","Lesotho","LSO","..","992","1180","1120","1050","985","916","852","788","724","665",".."
"Incidence of tuberculosis (per 100,000 people)","SH.TBS.INCD","Liberia","LBR","..","240","288","293","299","304","308","308","308","308","308",".."
"Incidence of tuberculosis (per 100,000 people)","SH.TBS.INCD","Libya","LBY","..","40","40","40","40","40","40","40","40","40","40",".."
"Incidence of tuberculosis (per 100,000 people)","SH.TBS.INCD","Liechtenstein","LIE","..","..","..","..","..","..","..","..","..","..","..",".."
"Incidence of tuberculosis (per 100,000 people)","SH.TBS.INCD","Lithuania","LTU","..","87","69","64","65","62","60","58","55","53","50",".."
"Incidence of tuberculosis (per 100,000 people)","SH.TBS.INCD","Luxembourg","LUX","..","12","6.3","6.6","5.5","9.7","8","5","6.1","5.8","6.3",".."
"Incidence of tuberculosis (per 100,000 people)","SH.TBS.INCD","Macao SAR, China","MAC","..","121","75","84","80","83","86","77","71","67","70",".."
"Incidence of tuberculosis (per 100,000 people)","SH.TBS.INCD","Madagascar","MDG","..","293","244","241","238","236","233","235","236","237","238",".."
"Incidence of tuberculosis (per 100,000 people)","SH.TBS.INCD","Malawi","MWI","..","392","352","332","312","294","261","227","193","159","131",".."
"Incidence of tuberculosis (per 100,000 people)","SH.TBS.INCD","Malaysia","MYS","..","75","72","76","80","86","91","92","88","92","93",".."
"Incidence of tuberculosis (per 100,000 people)","SH.TBS.INCD","Maldives","MDV","..","59","35","33","29","36","36","39","46","49","39",".."
"Incidence of tuberculosis (per 100,000 people)","SH.TBS.INCD","Mali","MLI","..","77","64","63","62","61","60","58","57","56","55",".."
"Incidence of tuberculosis (per 100,000 people)","SH.TBS.INCD","Malta","MLT","..","4.6","12","8","8.2","11","14","12","8.6","13","11",".."
"Incidence of tuberculosis (per 100,000 people)","SH.TBS.INCD","Marshall Islands","MHL","..","81","337","460","331","344","353","336","326","422","480",".."
"Incidence of tuberculosis (per 100,000 people)","SH.TBS.INCD","Mauritania","MRT","..","250","143","135","128","121","115","111","107","102","97",".."
"Incidence of tuberculosis (per 100,000 people)","SH.TBS.INCD","Mauritius","MUS","..","17","12","12","11","13","13","13","13","12","12",".."
"Incidence of tuberculosis (per 100,000 people)","SH.TBS.INCD","Mexico","MEX","..","23","21","21","21","21","21","21","21","22","22",".."
"Incidence of tuberculosis (per 100,000 people)","SH.TBS.INCD","Micronesia, Fed. Sts.","FSM","..","106","178","198","179","174","180","226","124","177","165",".."
"Incidence of tuberculosis (per 100,000 people)","SH.TBS.INCD","Moldova","MDA","..","80","126","116","119","124","127","115","102","101","95",".."
"Incidence of tuberculosis (per 100,000 people)","SH.TBS.INCD","Monaco","MCO","..","0","3.3","3.1","2.4","1.5","0.57","0","0","0","0",".."
"Incidence of tuberculosis (per 100,000 people)","SH.TBS.INCD","Mongolia","MNG","..","428","428","428","428","428","428","428","428","428","428",".."
"Incidence of tuberculosis (per 100,000 people)","SH.TBS.INCD","Montenegro","MNE","..","..","21","20","20","18","22","21","15","16","14",".."
"Incidence of tuberculosis (per 100,000 people)","SH.TBS.INCD","Morocco","MAR","..","115","98","101","100","99","99","101","101","103","99",".."
"Incidence of tuberculosis (per 100,000 people)","SH.TBS.INCD","Mozambique","MOZ","..","513","540","545","548","551","551","551","551","551","551",".."
"Incidence of tuberculosis (per 100,000 people)","SH.TBS.INCD","Myanmar","MMR","..","411","388","384","380","376","373","369","365","361","358",".."
"Incidence of tuberculosis (per 100,000 people)","SH.TBS.INCD","Namibia","NAM","..","711","701","649","610","552","518","480","495","446","423",".."
"Incidence of tuberculosis (per 100,000 people)","SH.TBS.INCD","Nauru","NRU","..","46","46","34","56","65","75","83","102","101","91",".."
"Incidence of tuberculosis (per 100,000 people)","SH.TBS.INCD","Nepal","NPL","..","163","164","163","162","161","159","158","156","154","152",".."
"Incidence of tuberculosis (per 100,000 people)","SH.TBS.INCD","Netherlands","NLD","..","9","7.8","7.1","6.7","6.3","5.7","5.5","5.8","5.9","5.2",".."
"Incidence of tuberculosis (per 100,000 people)","SH.TBS.INCD","New Caledonia","NCL","..","51","25","22","23","17","19","13","24","16","14",".."
"Incidence of tuberculosis (per 100,000 people)","SH.TBS.INCD","New Zealand","NZL","..","10","7.9","7.9","7.9","7.5","6.9","7.5","7.3","7.3","7.5",".."
"Incidence of tuberculosis (per 100,000 people)","SH.TBS.INCD","Nicaragua","NIC","..","60","50","53","58","59","58","55","51","48","45",".."
"Incidence of tuberculosis (per 100,000 people)","SH.TBS.INCD","Niger","NER","..","191","118","113","109","105","102","98","95","93","90",".."
"Incidence of tuberculosis (per 100,000 people)","SH.TBS.INCD","Nigeria","NGA","..","219","219","219","219","219","219","219","219","219","219",".."
"Incidence of tuberculosis (per 100,000 people)","SH.TBS.INCD","North Macedonia","MKD","..","39","27","23","20","21","19","17","17","16","13",".."
"Incidence of tuberculosis (per 100,000 people)","SH.TBS.INCD","Northern Mariana Islands","MNP","..","125","78","68","71","69","70","55","59","59","81",".."
"Incidence of tuberculosis (per 100,000 people)","SH.TBS.INCD","Norway","NOR","..","5.6","7.8","6.9","7.4","7.9","8.2","6.8","6.3","6.1","5.1",".."
"Incidence of tuberculosis (per 100,000 people)","SH.TBS.INCD","Oman","OMN","..","16","13","12","12","13","10","10","9","9","6.7",".."
"Incidence of tuberculosis (per 100,000 people)","SH.TBS.INCD","Pakistan","PAK","..","275","276","276","276","276","275","270","270","268","267",".."
"Incidence of tuberculosis (per 100,000 people)","SH.TBS.INCD","Palau","PLW","..","65","107","107","67","22","44","76","76","123","106",".."
"Incidence of tuberculosis (per 100,000 people)","SH.TBS.INCD","Panama","PAN","..","48","54","53","55","50","47","47","52","56","54",".."
"Incidence of tuberculosis (per 100,000 people)","SH.TBS.INCD","Papua New Guinea","PNG","..","432","432","432","432","432","432","432","432","432","432",".."
"Incidence of tuberculosis (per 100,000 people)","SH.TBS.INCD","Paraguay","PRY","..","42","44","42","43","44","40","39","41","42","44",".."
"Incidence of tuberculosis (per 100,000 people)","SH.TBS.INCD","Peru","PER","..","186","137","132","131","123","122","121","119","117","116",".."
"Incidence of tuberculosis (per 100,000 people)","SH.TBS.INCD","Philippines","PHL","..","590","528","531","535","539","543","546","550","554","554",".."
"Incidence of tuberculosis (per 100,000 people)","SH.TBS.INCD","Poland","POL","..","33","23","21","24","21","21","20","19","18","17",".."
"Incidence of tuberculosis (per 100,000 people)","SH.TBS.INCD","Portugal","PRT","..","47","29","28","27","27","26","24","23","20","20",".."
"Incidence of tuberculosis (per 100,000 people)","SH.TBS.INCD","Puerto Rico","PRI","..","5.3","1.9","2.5","1.6","2.2","1.5","1.4","1.6","2","1.2",".."
"Incidence of tuberculosis (per 100,000 people)","SH.TBS.INCD","Qatar","QAT","..","54","45","37","33","40","31","23","25","23","26",".."
"Incidence of tuberculosis (per 100,000 people)","SH.TBS.INCD","Romania","ROU","..","143","115","105","97","92","89","86","82","74","72",".."
"Incidence of tuberculosis (per 100,000 people)","SH.TBS.INCD","Russian Federation","RUS","..","95","89","86","81","77","73","70","67","64","60",".."
"Incidence of tuberculosis (per 100,000 people)","SH.TBS.INCD","Rwanda","RWA","..","95","93","82","79","71","64","63","59","61","57",".."
"Incidence of tuberculosis (per 100,000 people)","SH.TBS.INCD","Samoa","WSM","..","28","10","8.6","12","13","13","14","11","7.7","18",".."
"Incidence of tuberculosis (per 100,000 people)","SH.TBS.INCD","San Marino","SMR","..","4.2","0","0","0","0","0","0","0","0","0",".."
"Incidence of tuberculosis (per 100,000 people)","SH.TBS.INCD","Sao Tome and Principe","STP","..","122","80","121","133","110","138","145","159","165","118",".."
"Incidence of tuberculosis (per 100,000 people)","SH.TBS.INCD","Saudi Arabia","SAU","..","19","17","19","16","15","13","12","12","10","10",".."
"Incidence of tuberculosis (per 100,000 people)","SH.TBS.INCD","Senegal","SEN","..","155","136","136","136","136","136","134","130","122","122",".."
"Incidence of tuberculosis (per 100,000 people)","SH.TBS.INCD","Serbia","SRB","..","..","32","30","28","24","27","24","21","19","19",".."
"Incidence of tuberculosis (per 100,000 people)","SH.TBS.INCD","Seychelles","SYC","..","28","19","21","26","25","30","16","9.8","15","19",".."
"Incidence of tuberculosis (per 100,000 people)","SH.TBS.INCD","Sierra Leone","SLE","..","305","318","317","316","314","313","310","307","304","301",".."
"Incidence of tuberculosis (per 100,000 people)","SH.TBS.INCD","Singapore","SGP","..","51","35","35","36","50","46","46","45","50","47",".."
"Incidence of tuberculosis (per 100,000 people)","SH.TBS.INCD","Sint Maarten (Dutch part)","SXM","..","..","..","10","6.8","3.3","6.3","0","5.9","0","14",".."
"Incidence of tuberculosis (per 100,000 people)","SH.TBS.INCD","Slovak Republic","SVK","..","22","9.6","8.7","8","6.8","8.4","6.8","6.5","5.9","4.8",".."
"Incidence of tuberculosis (per 100,000 people)","SH.TBS.INCD","Slovenia","SVN","..","21","11","9.5","10","7.5","7.7","7.9","7.2","6.5","6.2",".."
"Incidence of tuberculosis (per 100,000 people)","SH.TBS.INCD","Solomon Islands","SLB","..","91","89","80","92","82","80","75","89","84","76",".."
"Incidence of tuberculosis (per 100,000 people)","SH.TBS.INCD","Somalia","SOM","..","285","286","286","286","286","285","274","274","270","266",".."
"Incidence of tuberculosis (per 100,000 people)","SH.TBS.INCD","South Africa","ZAF","..","585","967","948","922","892","849","820","759","618","567",".."
"Incidence of tuberculosis (per 100,000 people)","SH.TBS.INCD","South Sudan","SSD","..","..","..","..","146","146","146","146","146","146","146",".."
"Incidence of tuberculosis (per 100,000 people)","SH.TBS.INCD","Spain","ESP","..","22","18","17","16","14","13","12","10","12","11",".."
"Incidence of tuberculosis (per 100,000 people)","SH.TBS.INCD","Sri Lanka","LKA","..","66","66","66","66","66","66","65","65","65","64",".."
"Incidence of tuberculosis (per 100,000 people)","SH.TBS.INCD","St. Kitts and Nevis","KNA","..","0","9","4.5","2.2","4.4","0","15","4.5","0","2.1",".."
"Incidence of tuberculosis (per 100,000 people)","SH.TBS.INCD","St. Lucia","LCA","..","6.6","6.7","6","4.6","7.2","5.9","3.9","9.1","1.9","7.7",".."
"Incidence of tuberculosis (per 100,000 people)","SH.TBS.INCD","St. Martin (French part)","MAF","..","..","..","..","..","..","..","..","..","..","..",".."
"Incidence of tuberculosis (per 100,000 people)","SH.TBS.INCD","St. Vincent and the Grenadines","VCT","..","17","9.5","16","18","32","3.2","5.3","7.4","6.3","2.1",".."
"Incidence of tuberculosis (per 100,000 people)","SH.TBS.INCD","Sudan","SDN","..","128","109","107","105","103","100","94","88","82","77",".."
"Incidence of tuberculosis (per 100,000 people)","SH.TBS.INCD","Suriname","SUR","..","24","43","46","29","30","32","33","33","26","29",".."
"Incidence of tuberculosis (per 100,000 people)","SH.TBS.INCD","Sweden","SWE","..","5.4","7.1","7.5","6.5","7.1","7.3","7.5","9.2","8.2","5.7",".."
"Incidence of tuberculosis (per 100,000 people)","SH.TBS.INCD","Switzerland","CHE","..","9.3","7.5","7.5","7.6","6","6.6","5.9","7.3","7.8","7.2",".."
"Incidence of tuberculosis (per 100,000 people)","SH.TBS.INCD","Syrian Arab Republic","SYR","..","39","24","22","22","18","17","23","19","21","19",".."
"Incidence of tuberculosis (per 100,000 people)","SH.TBS.INCD","Tajikistan","TJK","..","219","141","128","117","108","100","91","86","85","85",".."
"Incidence of tuberculosis (per 100,000 people)","SH.TBS.INCD","Tanzania","TZA","..","503","452","426","401","378","336","327","306","287","269",".."
"Incidence of tuberculosis (per 100,000 people)","SH.TBS.INCD","Thailand","THA","..","241","188","181","176","172","170","167","163","160","156",".."
"Incidence of tuberculosis (per 100,000 people)","SH.TBS.INCD","Timor-Leste","TLS","..","..","498","498","498","498","498","498","498","498","498",".."
"Incidence of tuberculosis (per 100,000 people)","SH.TBS.INCD","Togo","TGO","..","52","77","76","73","69","64","58","52","46","41",".."
"Incidence of tuberculosis (per 100,000 people)","SH.TBS.INCD","Tonga","TON","..","28","8.9","12","9.9","12","11","14","15","8.6","12",".."
"Incidence of tuberculosis (per 100,000 people)","SH.TBS.INCD","Trinidad and Tobago","TTO","..","18","24","19","19","23","21","21","17","18","17",".."
"Incidence of tuberculosis (per 100,000 people)","SH.TBS.INCD","Tunisia","TUN","..","26","26","28","35","37","34","35","38","38","34",".."
"Incidence of tuberculosis (per 100,000 people)","SH.TBS.INCD","Turkey","TUR","..","33","27","25","24","22","20","20","18","18","17",".."
"Incidence of tuberculosis (per 100,000 people)","SH.TBS.INCD","Turkmenistan","TKM","..","112","79","79","66","70","71","58","49","46","43",".."
"Incidence of tuberculosis (per 100,000 people)","SH.TBS.INCD","Turks and Caicos Islands","TCA","..","17","24","22","33","28","6.9","3.4","6.7","6.6","6.1",".."
"Incidence of tuberculosis (per 100,000 people)","SH.TBS.INCD","Tuvalu","TUV","..","195","198","153","130","204","191","158","209","207","236",".."
"Incidence of tuberculosis (per 100,000 people)","SH.TBS.INCD","Uganda","UGA","..","276","213","210","207","205","203","202","202","201","201",".."
"Incidence of tuberculosis (per 100,000 people)","SH.TBS.INCD","Ukraine","UKR","..","114","115","110","105","101","96","94","91","87","84",".."
"Incidence of tuberculosis (per 100,000 people)","SH.TBS.INCD","United Arab Emirates","ARE","..","4.2","1.7","1.8","1.4","1","1","0.76","0.79","0.79","0.81",".."
"Incidence of tuberculosis (per 100,000 people)","SH.TBS.INCD","United Kingdom","GBR","..","12","15","14","15","14","13","11","10","9.9","8.9",".."
"Incidence of tuberculosis (per 100,000 people)","SH.TBS.INCD","United States","USA","..","6.7","4.3","4.2","3.9","3.7","3.3","3.2","3.3","3.1","3.1",".."
"Incidence of tuberculosis (per 100,000 people)","SH.TBS.INCD","Uruguay","URY","..","22","24","24","28","27","30","29","30","29","31",".."
"Incidence of tuberculosis (per 100,000 people)","SH.TBS.INCD","Uzbekistan","UZB","..","99","101","97","93","89","86","82","79","76","73",".."
"Incidence of tuberculosis (per 100,000 people)","SH.TBS.INCD","Vanuatu","VUT","..","110","72","69","67","65","62","63","63","56","51",".."
"Incidence of tuberculosis (per 100,000 people)","SH.TBS.INCD","Venezuela, RB","VEN","..","33","28","28","27","27","27","26","29","32","42",".."
"Incidence of tuberculosis (per 100,000 people)","SH.TBS.INCD","Vietnam","VNM","..","197","159","155","151","147","144","140","137","133","129",".."
"Incidence of tuberculosis (per 100,000 people)","SH.TBS.INCD","Virgin Islands (U.S.)","VIR","..","..","..","..","..","..","..","..","..","..","..",".."
"Incidence of tuberculosis (per 100,000 people)","SH.TBS.INCD","West Bank and Gaza","PSE","..","3.2","1.1","0.95","0.96","0.93","1.1","1.2","1.1","1","0.96",".."
"Incidence of tuberculosis (per 100,000 people)","SH.TBS.INCD","Yemen, Rep.","YEM","..","116","55","52","50","48","48","48","48","48","48",".."
"Incidence of tuberculosis (per 100,000 people)","SH.TBS.INCD","Zambia","ZMB","..","759","514","495","475","456","437","406","391","376","361",".."
"Incidence of tuberculosis (per 100,000 people)","SH.TBS.INCD","Zimbabwe","ZWE","..","605","450","416","384","355","304","278","242","233","221",".."
"Incidence of tuberculosis (per 100,000 people)","SH.TBS.INCD","Arab World","ARB","..","..","..","..","..","..","..","..","..","..","..",".."
"Incidence of tuberculosis (per 100,000 people)","SH.TBS.INCD","Caribbean small states","CSS","..","..","..","..","..","..","..","..","..","..","..",".."
"Incidence of tuberculosis (per 100,000 people)","SH.TBS.INCD","Central Europe and the Baltics","CEB","..","..","..","..","..","..","..","..","..","..","..",".."
"Incidence of tuberculosis (per 100,000 people)","SH.TBS.INCD","Early-demographic dividend","EAR","..","..","..","..","..","..","..","..","..","..","..",".."
"Incidence of tuberculosis (per 100,000 people)","SH.TBS.INCD","East Asia & Pacific","EAS","..","170","148","144","143","142","139","137","136","134","133",".."
"Incidence of tuberculosis (per 100,000 people)","SH.TBS.INCD","East Asia & Pacific (excluding high income)","EAP","..","185","160","156","155","154","151","149","147","145","144",".."
"Incidence of tuberculosis (per 100,000 people)","SH.TBS.INCD","East Asia & Pacific (IDA & IBRD countries)","TEA","..","..","..","..","..","..","..","..","..","..","..",".."
"Incidence of tuberculosis (per 100,000 people)","SH.TBS.INCD","Euro area","EMU","..","..","..","..","..","..","..","..","..","..","..",".."
"Incidence of tuberculosis (per 100,000 people)","SH.TBS.INCD","Europe & Central Asia","ECS","..","53","45","43","41","38","37","35","33","32","30",".."
"Incidence of tuberculosis (per 100,000 people)","SH.TBS.INCD","Europe & Central Asia (excluding high income)","ECA","..","96","85","81","76","72","68","65","61","58","55",".."
"Incidence of tuberculosis (per 100,000 people)","SH.TBS.INCD","Europe & Central Asia (IDA & IBRD countries)","TEC","..","..","..","..","..","..","..","..","..","..","..",".."
"Incidence of tuberculosis (per 100,000 people)","SH.TBS.INCD","European Union","EUU","..","..","..","..","..","..","..","..","..","..","..",".."
"Incidence of tuberculosis (per 100,000 people)","SH.TBS.INCD","Fragile and conflict affected situations","FCS","..","..","..","..","..","..","..","..","..","..","..",".."
"Incidence of tuberculosis (per 100,000 people)","SH.TBS.INCD","Heavily indebted poor countries (HIPC)","HPC","..","..","..","..","..","..","..","..","..","..","..",".."
"Incidence of tuberculosis (per 100,000 people)","SH.TBS.INCD","High income","HIC","..","19","16","15","15","14","14","13","13","13","12",".."
"Incidence of tuberculosis (per 100,000 people)","SH.TBS.INCD","IBRD only","IBD","..","..","..","..","..","..","..","..","..","..","..",".."
"Incidence of tuberculosis (per 100,000 people)","SH.TBS.INCD","IDA & IBRD total","IBT","..","..","..","..","..","..","..","..","..","..","..",".."
"Incidence of tuberculosis (per 100,000 people)","SH.TBS.INCD","IDA blend","IDB","..","..","..","..","..","..","..","..","..","..","..",".."
"Incidence of tuberculosis (per 100,000 people)","SH.TBS.INCD","IDA only","IDX","..","..","..","..","..","..","..","..","..","..","..",".."
"Incidence of tuberculosis (per 100,000 people)","SH.TBS.INCD","IDA total","IDA","..","..","..","..","..","..","..","..","..","..","..",".."
"Incidence of tuberculosis (per 100,000 people)","SH.TBS.INCD","Late-demographic dividend","LTE","..","..","..","..","..","..","..","..","..","..","..",".."
"Incidence of tuberculosis (per 100,000 people)","SH.TBS.INCD","Latin America & Caribbean","LCN","..","53","43","42","43","42","42","41","41","41","42",".."
"Incidence of tuberculosis (per 100,000 people)","SH.TBS.INCD","Latin America & Caribbean (excluding high income)","LAC","..","56","46","45","45","45","44","43","43","43","44",".."
"Incidence of tuberculosis (per 100,000 people)","SH.TBS.INCD","Latin America & the Caribbean (IDA & IBRD countries)","TLA","..","..","..","..","..","..","..","..","..","..","..",".."
"Incidence of tuberculosis (per 100,000 people)","SH.TBS.INCD","Least developed countries: UN classification","LDC","..","..","..","..","..","..","..","..","..","..","..",".."
"Incidence of tuberculosis (per 100,000 people)","SH.TBS.INCD","Low & middle income","LMY","..","203","186","182","179","176","172","168","164","160","157",".."
"Incidence of tuberculosis (per 100,000 people)","SH.TBS.INCD","Low income","LIC","..","307","257","250","242","236","227","222","216","211","206",".."
"Incidence of tuberculosis (per 100,000 people)","SH.TBS.INCD","Lower middle income","LMC","..","280","257","252","248","244","240","236","231","227","222",".."
"Incidence of tuberculosis (per 100,000 people)","SH.TBS.INCD","Middle East & North Africa","MEA","..","46","36","36","35","34","33","33","33","32","31",".."
"Incidence of tuberculosis (per 100,000 people)","SH.TBS.INCD","Middle East & North Africa (excluding high income)","MNA","..","49","39","39","38","38","37","36","37","36","35",".."
"Incidence of tuberculosis (per 100,000 people)","SH.TBS.INCD","Middle East & North Africa (IDA & IBRD countries)","TMN","..","..","..","..","..","..","..","..","..","..","..",".."
"Incidence of tuberculosis (per 100,000 people)","SH.TBS.INCD","Middle income","MIC","..","193","178","174","171","168","165","161","158","154","151",".."
"Incidence of tuberculosis (per 100,000 people)","SH.TBS.INCD","North America","NAC","..","6.6","4.4","4.2","4","3.8","3.5","3.4","3.5","3.4","3.3",".."
"Incidence of tuberculosis (per 100,000 people)","SH.TBS.INCD","Not classified","INX","..","..","..","..","..","..","..","..","..","..","..",".."
"Incidence of tuberculosis (per 100,000 people)","SH.TBS.INCD","OECD members","OED","..","..","..","..","..","..","..","..","..","..","..",".."
"Incidence of tuberculosis (per 100,000 people)","SH.TBS.INCD","Other small states","OSS","..","..","..","..","..","..","..","..","..","..","..",".."
"Incidence of tuberculosis (per 100,000 people)","SH.TBS.INCD","Pacific island small states","PSS","..","..","..","..","..","..","..","..","..","..","..",".."
"Incidence of tuberculosis (per 100,000 people)","SH.TBS.INCD","Post-demographic dividend","PST","..","..","..","..","..","..","..","..","..","..","..",".."
"Incidence of tuberculosis (per 100,000 people)","SH.TBS.INCD","Pre-demographic dividend","PRE","..","..","..","..","..","..","..","..","..","..","..",".."
"Incidence of tuberculosis (per 100,000 people)","SH.TBS.INCD","Small states","SST","..","..","..","..","..","..","..","..","..","..","..",".."
"Incidence of tuberculosis (per 100,000 people)","SH.TBS.INCD","South Asia","SAS","..","274","248","243","238","233","229","224","220","215","210",".."
"Incidence of tuberculosis (per 100,000 people)","SH.TBS.INCD","South Asia (IDA & IBRD)","TSA","..","..","..","..","..","..","..","..","..","..","..",".."
"Incidence of tuberculosis (per 100,000 people)","SH.TBS.INCD","Sub-Saharan Africa","SSF","..","333","319","310","302","292","281","272","261","246","237",".."
"Incidence of tuberculosis (per 100,000 people)","SH.TBS.INCD","Sub-Saharan Africa (excluding high income)","SSA","..","333","319","310","302","292","281","272","261","246","238",".."
"Incidence of tuberculosis (per 100,000 people)","SH.TBS.INCD","Sub-Saharan Africa (IDA & IBRD countries)","TSS","..","..","..","..","..","..","..","..","..","..","..",".."
"Incidence of tuberculosis (per 100,000 people)","SH.TBS.INCD","Upper middle income","UMC","..","105","93","88","87","85","81","78","75","71","69",".."
"Incidence of tuberculosis (per 100,000 people)","SH.TBS.INCD","World","WLD","..","170","157","154","151","149","145","143","140","136","134",".."
,"","","","","","","","","","","","","","",""
,"","","","","","","","","","","","","","",""
,"","","","","","","","","","","","","","",""
Data from database: World Development Indicators,"","","","","","","","","","","","","","",""
Last Updated: 07/10/2019,"","","","","","","","","","","","","","",""
